commit_message,emotion
Add user feedback form #7745,joy
Fix bug causing data loss #9085,anger
Handle crash on invalid input #5805,fear
Update dependencies #5874,neutral
Enable experimental feature toggle #1070,surprise
Add support for dark mode #9335,joy
Fix critical bug causing crash #8516,anger
Fix null pointer in production #9316,fear
Improve API rate limiting #8778,neutral
Allow `nonce` for hoistable styles #9315,surprise
Add user feedback form #6443,joy
Resolve deadlock in multi-threading #8999,anger
Crash when loading large files #7308,fear
Update README documentation #2427,neutral
Enable experimental feature toggle #9678,surprise
Improve UI responsiveness #9833,joy
Fix memory leak in main module #9492,anger
Handle crash on invalid input #6771,fear
Refactor CSS styles #8633,neutral
Sudden behavior change on update #6955,surprise
Improve UI responsiveness #6022,joy
Resolve deadlock in multi-threading #8906,anger
Unexpected error when parsing JSON #3158,fear
Refactor CSS styles #1577,neutral
Add support for unknown config flags #6573,surprise
Enhance dashboard layout #7354,joy
Resolve deadlock in multi-threading #3693,anger
Handle crash on invalid input #1178,fear
Update README documentation #2901,neutral
Enable experimental feature toggle #5658,surprise
Add animations to navigation #3742,joy
Fix memory leak in main module #5458,anger
Avoid breaking change in release #6867,fear
Refactor CSS styles #3641,neutral
Allow `nonce` for hoistable styles #9623,surprise
Add user feedback form #7104,joy
Fix security vulnerability in login #1872,anger
Avoid breaking change in release #8166,fear
Update README documentation #6067,neutral
Enable experimental feature toggle #9875,surprise
Add support for dark mode #1647,joy
Fix bug causing data loss #6013,anger
Avoid breaking change in release #5150,fear
Improve API rate limiting #5824,neutral
Allow `nonce` for hoistable styles #3839,surprise
Add support for dark mode #9838,joy
Fix bug causing data loss #7524,anger
Unexpected error when parsing JSON #9681,fear
Refactor CSS styles #9131,neutral
Enable experimental feature toggle #5488,surprise
Add user feedback form #3486,joy
Fix memory leak in main module #2532,anger
Fix null pointer in production #7614,fear
Rename variables for clarity #4549,neutral
Enable experimental feature toggle #7952,surprise
Improve UI responsiveness #7242,joy
Fix critical bug causing crash #6479,anger
Unexpected error when parsing JSON #2930,fear
Rename variables for clarity #9833,neutral
Enable experimental feature toggle #1762,surprise
Enhance dashboard layout #6687,joy
Fix security vulnerability in login #7781,anger
Avoid breaking change in release #9444,fear
Update README documentation #7438,neutral
Enable experimental feature toggle #3838,surprise
Add support for dark mode #7900,joy
Fix security vulnerability in login #9392,anger
Fix null pointer in production #6736,fear
Update dependencies #7335,neutral
Log unexpected network response #1046,surprise
Add user feedback form #4851,joy
Fix memory leak in main module #3642,anger
Avoid breaking change in release #6939,fear
Update dependencies #2539,neutral
Add support for unknown config flags #4109,surprise
Enhance dashboard layout #3120,joy
Fix critical bug causing crash #7254,anger
Crash when loading large files #1799,fear
Improve API rate limiting #2357,neutral
Enable experimental feature toggle #3991,surprise
Enhance dashboard layout #7780,joy
Resolve deadlock in multi-threading #2090,anger
Avoid breaking change in release #1332,fear
Update README documentation #9538,neutral
Allow `nonce` for hoistable styles #2079,surprise
Add animations to navigation #1824,joy
Fix bug causing data loss #1716,anger
Crash when loading large files #3354,fear
Refactor CSS styles #1886,neutral
Log unexpected network response #1442,surprise
Enhance dashboard layout #1172,joy
Fix memory leak in main module #2952,anger
Unexpected error when parsing JSON #6248,fear
Improve API rate limiting #5973,neutral
Add support for unknown config flags #3032,surprise
Add animations to navigation #8284,joy
Resolve deadlock in multi-threading #8991,anger
Avoid breaking change in release #6307,fear
Rename variables for clarity #5691,neutral
Sudden behavior change on update #7812,surprise
Enhance dashboard layout #2272,joy
Resolve deadlock in multi-threading #4054,anger
Unexpected error when parsing JSON #5731,fear
Improve API rate limiting #6661,neutral
Sudden behavior change on update #7096,surprise
Add user feedback form #5589,joy
Fix bug causing data loss #9012,anger
Avoid breaking change in release #3436,fear
Update README documentation #7716,neutral
Sudden behavior change on update #9373,surprise
Improve UI responsiveness #8194,joy
Fix memory leak in main module #4838,anger
Fix null pointer in production #5394,fear
Update dependencies #7819,neutral
Log unexpected network response #1385,surprise
Add support for dark mode #1612,joy
Fix security vulnerability in login #3227,anger
Unexpected error when parsing JSON #4960,fear
Refactor CSS styles #6746,neutral
Log unexpected network response #6774,surprise
Enhance dashboard layout #3891,joy
Fix bug causing data loss #4839,anger
Avoid breaking change in release #3673,fear
Update dependencies #2469,neutral
Log unexpected network response #4216,surprise
Add animations to navigation #7029,joy
Resolve deadlock in multi-threading #3170,anger
Crash when loading large files #8243,fear
Improve API rate limiting #4682,neutral
Add support for unknown config flags #3983,surprise
Enhance dashboard layout #2533,joy
Resolve deadlock in multi-threading #1357,anger
Avoid breaking change in release #9941,fear
Update dependencies #6851,neutral
Enable experimental feature toggle #7343,surprise
Enhance dashboard layout #2518,joy
Resolve deadlock in multi-threading #2366,anger
Crash when loading large files #6760,fear
Improve API rate limiting #6965,neutral
Enable experimental feature toggle #1490,surprise
Improve UI responsiveness #8229,joy
Fix security vulnerability in login #9989,anger
Avoid breaking change in release #3162,fear
Rename variables for clarity #6118,neutral
Add support for unknown config flags #8265,surprise
Add animations to navigation #6800,joy
Resolve deadlock in multi-threading #4951,anger
Avoid breaking change in release #4319,fear
Improve API rate limiting #9182,neutral
Log unexpected network response #4291,surprise
Add user feedback form #5641,joy
Fix critical bug causing crash #8869,anger
Crash when loading large files #1905,fear
Improve API rate limiting #5223,neutral
Enable experimental feature toggle #8236,surprise
Enhance dashboard layout #4567,joy
Fix memory leak in main module #1149,anger
Handle crash on invalid input #2252,fear
Rename variables for clarity #6508,neutral
Enable experimental feature toggle #4474,surprise
Improve UI responsiveness #2080,joy
Fix memory leak in main module #8722,anger
Crash when loading large files #9328,fear
Refactor CSS styles #1764,neutral
Add support for unknown config flags #1243,surprise
Add animations to navigation #6922,joy
Resolve deadlock in multi-threading #9483,anger
Handle crash on invalid input #5767,fear
Refactor CSS styles #4280,neutral
Add support for unknown config flags #6542,surprise
Add support for dark mode #6950,joy
Fix bug causing data loss #7870,anger
Unexpected error when parsing JSON #9892,fear
Update README documentation #1597,neutral
Add support for unknown config flags #9717,surprise
Add support for dark mode #8990,joy
Fix memory leak in main module #3811,anger
Unexpected error when parsing JSON #1756,fear
Improve API rate limiting #5532,neutral
Log unexpected network response #5646,surprise
Improve UI responsiveness #9251,joy
Fix security vulnerability in login #3935,anger
Avoid breaking change in release #2380,fear
Improve API rate limiting #4585,neutral
Enable experimental feature toggle #6606,surprise
Add user feedback form #4926,joy
Fix security vulnerability in login #1397,anger
Unexpected error when parsing JSON #3674,fear
Update README documentation #5598,neutral
Log unexpected network response #5760,surprise
Enhance dashboard layout #7713,joy
Fix security vulnerability in login #2384,anger
Crash when loading large files #3508,fear
Improve API rate limiting #2465,neutral
Allow `nonce` for hoistable styles #7684,surprise
Enhance dashboard layout #1925,joy
Fix bug causing data loss #5242,anger
Handle crash on invalid input #6056,fear
Update README documentation #1933,neutral
Sudden behavior change on update #1147,surprise
Add animations to navigation #7791,joy
Fix bug causing data loss #7321,anger
Fix null pointer in production #1494,fear
Update dependencies #5738,neutral
Enable experimental feature toggle #7884,surprise
Add support for dark mode #2177,joy
Fix bug causing data loss #5743,anger
Crash when loading large files #1398,fear
Rename variables for clarity #5653,neutral
Sudden behavior change on update #4280,surprise
Enhance dashboard layout #1143,joy
Resolve deadlock in multi-threading #3823,anger
Avoid breaking change in release #1780,fear
Rename variables for clarity #6031,neutral
Sudden behavior change on update #5375,surprise
Enhance dashboard layout #8366,joy
Fix critical bug causing crash #1909,anger
Unexpected error when parsing JSON #4982,fear
Rename variables for clarity #6869,neutral
Enable experimental feature toggle #9286,surprise
Add support for dark mode #5773,joy
Fix critical bug causing crash #9187,anger
Crash when loading large files #4419,fear
Rename variables for clarity #1137,neutral
Add support for unknown config flags #8362,surprise
Improve UI responsiveness #4876,joy
Resolve deadlock in multi-threading #3325,anger
Crash when loading large files #6532,fear
Update dependencies #9306,neutral
Add support for unknown config flags #4150,surprise
Improve UI responsiveness #6234,joy
Resolve deadlock in multi-threading #4146,anger
Handle crash on invalid input #7092,fear
Update dependencies #4098,neutral
Sudden behavior change on update #8421,surprise
Add animations to navigation #4749,joy
Fix bug causing data loss #7426,anger
Crash when loading large files #2547,fear
Update README documentation #8686,neutral
Allow `nonce` for hoistable styles #5024,surprise
Improve UI responsiveness #9407,joy
Fix memory leak in main module #2968,anger
Unexpected error when parsing JSON #3010,fear
Rename variables for clarity #1375,neutral
Log unexpected network response #9861,surprise
Add user feedback form #5837,joy
Fix memory leak in main module #2775,anger
Handle crash on invalid input #3396,fear
Refactor CSS styles #8442,neutral
Sudden behavior change on update #2446,surprise
Add support for dark mode #6857,joy
Resolve deadlock in multi-threading #9045,anger
Fix null pointer in production #3380,fear
Refactor CSS styles #9064,neutral
Allow `nonce` for hoistable styles #5917,surprise
Enhance dashboard layout #8217,joy
Fix critical bug causing crash #3779,anger
Unexpected error when parsing JSON #3069,fear
Refactor CSS styles #8333,neutral
Sudden behavior change on update #2000,surprise
Enhance dashboard layout #3637,joy
Fix bug causing data loss #3110,anger
Crash when loading large files #1033,fear
Refactor CSS styles #2500,neutral
Allow `nonce` for hoistable styles #8667,surprise
Add animations to navigation #6499,joy
Resolve deadlock in multi-threading #6782,anger
Crash when loading large files #5786,fear
Update README documentation #1064,neutral
Log unexpected network response #1578,surprise
Add animations to navigation #7558,joy
Fix memory leak in main module #1901,anger
Fix null pointer in production #1544,fear
Update dependencies #2223,neutral
Sudden behavior change on update #6526,surprise
Add animations to navigation #6070,joy
Resolve deadlock in multi-threading #1856,anger
Unexpected error when parsing JSON #4209,fear
Rename variables for clarity #6837,neutral
Sudden behavior change on update #8344,surprise
Improve UI responsiveness #2409,joy
Fix memory leak in main module #6603,anger
Fix null pointer in production #5470,fear
Improve API rate limiting #3550,neutral
Add support for unknown config flags #1502,surprise
Add support for dark mode #4222,joy
Fix memory leak in main module #2847,anger
Crash when loading large files #7688,fear
Rename variables for clarity #6858,neutral
Add support for unknown config flags #4122,surprise
Add animations to navigation #2982,joy
Fix security vulnerability in login #7417,anger
Crash when loading large files #1854,fear
Rename variables for clarity #2104,neutral
Enable experimental feature toggle #5666,surprise
Add user feedback form #3117,joy
Fix bug causing data loss #8814,anger
Crash when loading large files #2429,fear
Update README documentation #2828,neutral
Enable experimental feature toggle #1456,surprise
Add user feedback form #1648,joy
Fix bug causing data loss #7839,anger
Crash when loading large files #3903,fear
Improve API rate limiting #6688,neutral
Allow `nonce` for hoistable styles #4782,surprise
Add animations to navigation #3899,joy
Fix critical bug causing crash #2948,anger
Avoid breaking change in release #6300,fear
Update dependencies #1001,neutral
Add support for unknown config flags #4091,surprise
Enhance dashboard layout #8340,joy
Fix security vulnerability in login #2921,anger
Crash when loading large files #1985,fear
Update dependencies #3608,neutral
Log unexpected network response #7978,surprise
Add support for dark mode #7923,joy
Fix bug causing data loss #8211,anger
Unexpected error when parsing JSON #1890,fear
Update dependencies #4958,neutral
Allow `nonce` for hoistable styles #2550,surprise
Add animations to navigation #2900,joy
Fix bug causing data loss #4112,anger
Crash when loading large files #6745,fear
Update README documentation #2289,neutral
Add support for unknown config flags #2911,surprise
Add support for dark mode #2066,joy
Fix bug causing data loss #8614,anger
Fix null pointer in production #7957,fear
Refactor CSS styles #8655,neutral
Allow `nonce` for hoistable styles #7139,surprise
Enhance dashboard layout #4851,joy
Fix security vulnerability in login #4723,anger
Crash when loading large files #4387,fear
Update README documentation #9553,neutral
Enable experimental feature toggle #8207,surprise
Improve UI responsiveness #1794,joy
Resolve deadlock in multi-threading #5617,anger
Unexpected error when parsing JSON #7085,fear
Refactor CSS styles #7274,neutral
Allow `nonce` for hoistable styles #2061,surprise
Enhance dashboard layout #7003,joy
Fix critical bug causing crash #4523,anger
Crash when loading large files #7574,fear
Update README documentation #3483,neutral
Add support for unknown config flags #7963,surprise
Add animations to navigation #6642,joy
Resolve deadlock in multi-threading #2015,anger
Unexpected error when parsing JSON #6021,fear
Update dependencies #4765,neutral
Allow `nonce` for hoistable styles #1242,surprise
Enhance dashboard layout #8107,joy
Fix bug causing data loss #2532,anger
Fix null pointer in production #2544,fear
Improve API rate limiting #9799,neutral
Allow `nonce` for hoistable styles #8797,surprise
Enhance dashboard layout #8279,joy
Fix security vulnerability in login #9749,anger
Unexpected error when parsing JSON #6165,fear
Rename variables for clarity #9115,neutral
Allow `nonce` for hoistable styles #8737,surprise
Add support for dark mode #8470,joy
Resolve deadlock in multi-threading #8522,anger
Fix null pointer in production #5173,fear
Improve API rate limiting #5836,neutral
Allow `nonce` for hoistable styles #7220,surprise
Enhance dashboard layout #2898,joy
Fix critical bug causing crash #5825,anger
Fix null pointer in production #3094,fear
Refactor CSS styles #6583,neutral
Sudden behavior change on update #8607,surprise
Add support for dark mode #6067,joy
Fix security vulnerability in login #1739,anger
Fix null pointer in production #3766,fear
Update dependencies #1882,neutral
Add support for unknown config flags #3326,surprise
Add support for dark mode #1819,joy
Fix security vulnerability in login #4969,anger
Handle crash on invalid input #1566,fear
Update README documentation #8134,neutral
Add support for unknown config flags #1232,surprise
Add animations to navigation #9653,joy
Fix security vulnerability in login #4042,anger
Unexpected error when parsing JSON #4739,fear
Update README documentation #4513,neutral
Log unexpected network response #5196,surprise
Add animations to navigation #8279,joy
Resolve deadlock in multi-threading #3059,anger
Unexpected error when parsing JSON #5461,fear
Improve API rate limiting #7049,neutral
Allow `nonce` for hoistable styles #2871,surprise
Improve UI responsiveness #1317,joy
Fix memory leak in main module #7958,anger
Handle crash on invalid input #9195,fear
Rename variables for clarity #1719,neutral
Log unexpected network response #7149,surprise
Enhance dashboard layout #2506,joy
Fix critical bug causing crash #5731,anger
Avoid breaking change in release #9746,fear
Improve API rate limiting #6019,neutral
Log unexpected network response #9329,surprise
Add user feedback form #9207,joy
Fix bug causing data loss #2490,anger
Unexpected error when parsing JSON #1074,fear
Rename variables for clarity #3074,neutral
Allow `nonce` for hoistable styles #5832,surprise
Add animations to navigation #6812,joy
Fix memory leak in main module #4418,anger
Avoid breaking change in release #7633,fear
Update README documentation #5219,neutral
Enable experimental feature toggle #7421,surprise
Add support for dark mode #2676,joy
Fix critical bug causing crash #2544,anger
Fix null pointer in production #4711,fear
Rename variables for clarity #1020,neutral
Sudden behavior change on update #4738,surprise
Improve UI responsiveness #4028,joy
Fix critical bug causing crash #3181,anger
Handle crash on invalid input #1083,fear
Refactor CSS styles #7358,neutral
Allow `nonce` for hoistable styles #1354,surprise
Add support for dark mode #9225,joy
Resolve deadlock in multi-threading #5396,anger
Unexpected error when parsing JSON #7633,fear
Rename variables for clarity #8390,neutral
Log unexpected network response #6731,surprise
Add support for dark mode #3173,joy
Fix security vulnerability in login #4538,anger
Handle crash on invalid input #9243,fear
Update README documentation #5619,neutral
Add support for unknown config flags #5905,surprise
Add animations to navigation #9755,joy
Fix bug causing data loss #6714,anger
Handle crash on invalid input #6142,fear
Update README documentation #1774,neutral
Enable experimental feature toggle #1058,surprise
Add user feedback form #7165,joy
Resolve deadlock in multi-threading #4187,anger
Avoid breaking change in release #9999,fear
Rename variables for clarity #7129,neutral
Sudden behavior change on update #1551,surprise
Improve UI responsiveness #9287,joy
Fix bug causing data loss #2979,anger
Crash when loading large files #7627,fear
Rename variables for clarity #5714,neutral
Add support for unknown config flags #3969,surprise
Enhance dashboard layout #3719,joy
Fix bug causing data loss #8580,anger
Unexpected error when parsing JSON #7575,fear
Rename variables for clarity #4345,neutral
Log unexpected network response #2634,surprise
Add support for dark mode #4301,joy
Fix critical bug causing crash #9594,anger
Crash when loading large files #1622,fear
Improve API rate limiting #1948,neutral
Enable experimental feature toggle #6615,surprise
Add support for dark mode #9009,joy
Resolve deadlock in multi-threading #5248,anger
Fix null pointer in production #2984,fear
Rename variables for clarity #5262,neutral
Log unexpected network response #1316,surprise
Add user feedback form #8947,joy
Fix bug causing data loss #9913,anger
Handle crash on invalid input #9853,fear
Update README documentation #1862,neutral
Allow `nonce` for hoistable styles #3608,surprise
Add support for dark mode #7478,joy
Fix critical bug causing crash #2589,anger
Unexpected error when parsing JSON #7517,fear
Improve API rate limiting #6542,neutral
Enable experimental feature toggle #5505,surprise
Add user feedback form #9532,joy
Fix memory leak in main module #7820,anger
Unexpected error when parsing JSON #7312,fear
Update README documentation #9511,neutral
Log unexpected network response #5648,surprise
Add user feedback form #6920,joy
Fix security vulnerability in login #9882,anger
Unexpected error when parsing JSON #3298,fear
Rename variables for clarity #1423,neutral
Add support for unknown config flags #8810,surprise
Add support for dark mode #1597,joy
Resolve deadlock in multi-threading #2747,anger
Fix null pointer in production #6111,fear
Update README documentation #5886,neutral
Sudden behavior change on update #4075,surprise
Improve UI responsiveness #4073,joy
Resolve deadlock in multi-threading #3047,anger
Unexpected error when parsing JSON #6695,fear
Update dependencies #3003,neutral
Add support for unknown config flags #7904,surprise
Improve UI responsiveness #3871,joy
Fix critical bug causing crash #6480,anger
Fix null pointer in production #2957,fear
Rename variables for clarity #2805,neutral
Log unexpected network response #7271,surprise
Add animations to navigation #9132,joy
Fix memory leak in main module #4950,anger
Unexpected error when parsing JSON #8402,fear
Improve API rate limiting #4053,neutral
Sudden behavior change on update #7635,surprise
Enhance dashboard layout #9975,joy
Fix security vulnerability in login #1096,anger
Handle crash on invalid input #8457,fear
Improve API rate limiting #2196,neutral
Log unexpected network response #1308,surprise
Add support for dark mode #6183,joy
Fix bug causing data loss #1620,anger
Handle crash on invalid input #6920,fear
Update dependencies #2126,neutral
Allow `nonce` for hoistable styles #6581,surprise
Add support for dark mode #9060,joy
Fix memory leak in main module #3676,anger
Fix null pointer in production #6798,fear
Update README documentation #3377,neutral
Allow `nonce` for hoistable styles #4175,surprise
Add animations to navigation #8220,joy
Fix critical bug causing crash #8595,anger
Unexpected error when parsing JSON #2816,fear
Improve API rate limiting #9770,neutral
Sudden behavior change on update #4418,surprise
Improve UI responsiveness #4908,joy
Fix memory leak in main module #6318,anger
Fix null pointer in production #2851,fear
Update dependencies #2128,neutral
Add support for unknown config flags #1802,surprise
Add support for dark mode #6602,joy
Fix bug causing data loss #4010,anger
Fix null pointer in production #8043,fear
Update README documentation #4746,neutral
Sudden behavior change on update #2220,surprise
Enhance dashboard layout #3732,joy
Fix security vulnerability in login #2141,anger
Unexpected error when parsing JSON #2250,fear
Refactor CSS styles #9641,neutral
Allow `nonce` for hoistable styles #7587,surprise
Add user feedback form #8196,joy
Fix bug causing data loss #5957,anger
Crash when loading large files #9698,fear
Refactor CSS styles #6789,neutral
Add support for unknown config flags #1594,surprise
Add support for dark mode #9488,joy
Fix security vulnerability in login #1187,anger
Crash when loading large files #1117,fear
Improve API rate limiting #2415,neutral
Add support for unknown config flags #6575,surprise
Add support for dark mode #2556,joy
Fix bug causing data loss #1157,anger
Avoid breaking change in release #4755,fear
Update README documentation #7250,neutral
Sudden behavior change on update #1781,surprise
Add animations to navigation #1471,joy
Fix security vulnerability in login #4176,anger
Crash when loading large files #2260,fear
Update README documentation #6778,neutral
Allow `nonce` for hoistable styles #6993,surprise
Improve UI responsiveness #2312,joy
Fix critical bug causing crash #5786,anger
Avoid breaking change in release #2495,fear
Update README documentation #3143,neutral
Enable experimental feature toggle #4821,surprise
Add user feedback form #7249,joy
Fix bug causing data loss #8188,anger
Fix null pointer in production #6500,fear
Improve API rate limiting #2934,neutral
Sudden behavior change on update #7552,surprise
Improve UI responsiveness #5441,joy
Fix bug causing data loss #8555,anger
Unexpected error when parsing JSON #9930,fear
Refactor CSS styles #5462,neutral
Allow `nonce` for hoistable styles #6825,surprise
Add user feedback form #6678,joy
Fix critical bug causing crash #1383,anger
Avoid breaking change in release #6910,fear
Rename variables for clarity #5170,neutral
Sudden behavior change on update #3990,surprise
Add animations to navigation #3878,joy
Fix critical bug causing crash #3443,anger
Handle crash on invalid input #2510,fear
Update dependencies #2147,neutral
Add support for unknown config flags #6979,surprise
Add support for dark mode #4889,joy
Fix bug causing data loss #8113,anger
Unexpected error when parsing JSON #8378,fear
Improve API rate limiting #8899,neutral
Add support for unknown config flags #7423,surprise
Add animations to navigation #4241,joy
Fix critical bug causing crash #6320,anger
Unexpected error when parsing JSON #2879,fear
Refactor CSS styles #2858,neutral
Add support for unknown config flags #3428,surprise
Enhance dashboard layout #9289,joy
Fix critical bug causing crash #7858,anger
Handle crash on invalid input #8157,fear
Refactor CSS styles #4512,neutral
Log unexpected network response #9347,surprise
Add support for dark mode #7692,joy
Fix bug causing data loss #3739,anger
Unexpected error when parsing JSON #8032,fear
Update dependencies #2194,neutral
Enable experimental feature toggle #8228,surprise
Add support for dark mode #1500,joy
Resolve deadlock in multi-threading #9200,anger
Avoid breaking change in release #6028,fear
Rename variables for clarity #1603,neutral
Enable experimental feature toggle #2602,surprise
Enhance dashboard layout #9351,joy
Fix bug causing data loss #5882,anger
Crash when loading large files #2569,fear
Improve API rate limiting #1286,neutral
Add support for unknown config flags #1513,surprise
Add user feedback form #4839,joy
Fix security vulnerability in login #1157,anger
Crash when loading large files #8115,fear
Rename variables for clarity #7105,neutral
Add support for unknown config flags #5625,surprise
Enhance dashboard layout #8760,joy
Fix memory leak in main module #2579,anger
Crash when loading large files #6267,fear
Refactor CSS styles #3589,neutral
Log unexpected network response #5103,surprise
Improve UI responsiveness #3307,joy
Fix critical bug causing crash #2729,anger
Unexpected error when parsing JSON #6980,fear
Update dependencies #1350,neutral
Add support for unknown config flags #5052,surprise
Add support for dark mode #6083,joy
Fix critical bug causing crash #4077,anger
Unexpected error when parsing JSON #3493,fear
Rename variables for clarity #5482,neutral
Sudden behavior change on update #7750,surprise
Add user feedback form #5282,joy
Fix security vulnerability in login #8513,anger
Fix null pointer in production #7676,fear
Improve API rate limiting #7370,neutral
Allow `nonce` for hoistable styles #1114,surprise
Add user feedback form #7098,joy
Fix security vulnerability in login #5792,anger
Handle crash on invalid input #1598,fear
Rename variables for clarity #6004,neutral
Log unexpected network response #9055,surprise
Add user feedback form #6280,joy
Fix memory leak in main module #2696,anger
Avoid breaking change in release #3877,fear
Update dependencies #4981,neutral
Enable experimental feature toggle #4360,surprise
Add user feedback form #4161,joy
Resolve deadlock in multi-threading #5158,anger
Handle crash on invalid input #2919,fear
Update dependencies #1326,neutral
Log unexpected network response #1223,surprise
Improve UI responsiveness #1159,joy
Fix bug causing data loss #1562,anger
Crash when loading large files #3259,fear
Rename variables for clarity #7598,neutral
Sudden behavior change on update #8798,surprise
Add support for dark mode #5868,joy
Fix security vulnerability in login #2703,anger
Avoid breaking change in release #6207,fear
Update dependencies #1343,neutral
Sudden behavior change on update #8087,surprise
Add animations to navigation #8554,joy
Fix critical bug causing crash #4916,anger
Handle crash on invalid input #3590,fear
Update README documentation #3278,neutral
Add support for unknown config flags #6696,surprise
Add support for dark mode #3307,joy
Fix critical bug causing crash #6744,anger
Handle crash on invalid input #5599,fear
Update README documentation #6519,neutral
Allow `nonce` for hoistable styles #8222,surprise
Add animations to navigation #7273,joy
Fix memory leak in main module #9735,anger
Avoid breaking change in release #2387,fear
Refactor CSS styles #4990,neutral
Enable experimental feature toggle #4833,surprise
Enhance dashboard layout #5286,joy
Fix memory leak in main module #4650,anger
Crash when loading large files #6334,fear
Update dependencies #8034,neutral
Allow `nonce` for hoistable styles #7249,surprise
Add animations to navigation #7082,joy
Fix security vulnerability in login #6415,anger
Unexpected error when parsing JSON #3927,fear
Update dependencies #8739,neutral
Log unexpected network response #4373,surprise
Improve UI responsiveness #6467,joy
Fix critical bug causing crash #9236,anger
Handle crash on invalid input #5994,fear
Rename variables for clarity #2109,neutral
Log unexpected network response #1748,surprise
Add animations to navigation #1930,joy
Resolve deadlock in multi-threading #1675,anger
Avoid breaking change in release #8844,fear
Improve API rate limiting #6416,neutral
Log unexpected network response #2590,surprise
Improve UI responsiveness #4175,joy
Fix security vulnerability in login #2463,anger
Avoid breaking change in release #2445,fear
Improve API rate limiting #6877,neutral
Log unexpected network response #1923,surprise
Add support for dark mode #6271,joy
Resolve deadlock in multi-threading #9000,anger
Fix null pointer in production #3375,fear
Refactor CSS styles #1563,neutral
Sudden behavior change on update #6844,surprise
Enhance dashboard layout #4771,joy
Fix security vulnerability in login #7591,anger
Avoid breaking change in release #7783,fear
Update dependencies #7822,neutral
Allow `nonce` for hoistable styles #5538,surprise
Add support for dark mode #9033,joy
Resolve deadlock in multi-threading #9911,anger
Unexpected error when parsing JSON #2837,fear
Rename variables for clarity #1078,neutral
Add support for unknown config flags #5089,surprise
Add animations to navigation #1001,joy
Fix critical bug causing crash #8882,anger
Unexpected error when parsing JSON #5561,fear
Update dependencies #1055,neutral
Allow `nonce` for hoistable styles #5590,surprise
Add animations to navigation #9531,joy
Fix bug causing data loss #2719,anger
Fix null pointer in production #1571,fear
Update README documentation #1404,neutral
Sudden behavior change on update #2486,surprise
Add animations to navigation #6977,joy
Fix bug causing data loss #2308,anger
Handle crash on invalid input #6961,fear
Improve API rate limiting #8584,neutral
Allow `nonce` for hoistable styles #8421,surprise
Improve UI responsiveness #9180,joy
Fix security vulnerability in login #2627,anger
Avoid breaking change in release #5095,fear
Rename variables for clarity #6985,neutral
Enable experimental feature toggle #7304,surprise
Add user feedback form #8383,joy
Fix memory leak in main module #6715,anger
Handle crash on invalid input #9642,fear
Rename variables for clarity #5477,neutral
Sudden behavior change on update #3061,surprise
Enhance dashboard layout #2575,joy
Resolve deadlock in multi-threading #8500,anger
Handle crash on invalid input #5994,fear
Update README documentation #3704,neutral
Log unexpected network response #7846,surprise
Add support for dark mode #9890,joy
Fix memory leak in main module #8805,anger
Handle crash on invalid input #4031,fear
Update README documentation #2864,neutral
Log unexpected network response #2710,surprise
Add support for dark mode #9276,joy
Resolve deadlock in multi-threading #4722,anger
Avoid breaking change in release #7853,fear
Rename variables for clarity #2751,neutral
Enable experimental feature toggle #8587,surprise
Enhance dashboard layout #2027,joy
Fix bug causing data loss #4337,anger
Handle crash on invalid input #7032,fear
Update dependencies #8614,neutral
Add support for unknown config flags #1647,surprise
Add user feedback form #1289,joy
Fix critical bug causing crash #7136,anger
Fix null pointer in production #7981,fear
Update README documentation #9962,neutral
Log unexpected network response #6609,surprise
Add support for dark mode #3942,joy
Fix security vulnerability in login #5474,anger
Handle crash on invalid input #5796,fear
Update dependencies #2850,neutral
Enable experimental feature toggle #3589,surprise
Add animations to navigation #3487,joy
Fix memory leak in main module #4185,anger
Unexpected error when parsing JSON #2750,fear
Refactor CSS styles #7992,neutral
Sudden behavior change on update #2540,surprise
Add support for dark mode #7726,joy
Resolve deadlock in multi-threading #5441,anger
Avoid breaking change in release #1790,fear
Rename variables for clarity #7935,neutral
Log unexpected network response #3646,surprise
Add support for dark mode #5210,joy
Fix critical bug causing crash #8384,anger
Fix null pointer in production #1773,fear
Refactor CSS styles #3396,neutral
Log unexpected network response #1501,surprise
Improve UI responsiveness #3047,joy
Fix critical bug causing crash #9719,anger
Handle crash on invalid input #6543,fear
Rename variables for clarity #2769,neutral
Allow `nonce` for hoistable styles #7321,surprise
Add animations to navigation #4572,joy
Resolve deadlock in multi-threading #7944,anger
Unexpected error when parsing JSON #1702,fear
Update README documentation #6670,neutral
Enable experimental feature toggle #2109,surprise
Add user feedback form #4038,joy
Fix security vulnerability in login #4539,anger
Handle crash on invalid input #5886,fear
Refactor CSS styles #9799,neutral
Enable experimental feature toggle #7279,surprise
Add user feedback form #8343,joy
Fix security vulnerability in login #2429,anger
Crash when loading large files #4738,fear
Improve API rate limiting #4334,neutral
Log unexpected network response #8911,surprise
Enhance dashboard layout #3119,joy
Fix security vulnerability in login #3270,anger
Unexpected error when parsing JSON #2760,fear
Update README documentation #1411,neutral
Allow `nonce` for hoistable styles #1756,surprise
Add user feedback form #7290,joy
Fix security vulnerability in login #4788,anger
Fix null pointer in production #8192,fear
Update dependencies #5327,neutral
Log unexpected network response #2889,surprise
Improve UI responsiveness #1785,joy
Fix memory leak in main module #9058,anger
Crash when loading large files #9133,fear
Refactor CSS styles #6540,neutral
Sudden behavior change on update #6582,surprise
Enhance dashboard layout #5936,joy
Fix memory leak in main module #4785,anger
Handle crash on invalid input #5755,fear
Update README documentation #4205,neutral
Allow `nonce` for hoistable styles #8303,surprise
Add user feedback form #1217,joy
Fix security vulnerability in login #6921,anger
Unexpected error when parsing JSON #4121,fear
Update dependencies #5992,neutral
Sudden behavior change on update #4257,surprise
Add support for dark mode #5250,joy
Fix bug causing data loss #4857,anger
Fix null pointer in production #1706,fear
Refactor CSS styles #3431,neutral
Sudden behavior change on update #1842,surprise
Add support for dark mode #2069,joy
Fix memory leak in main module #3367,anger
Avoid breaking change in release #4472,fear
Rename variables for clarity #2962,neutral
Log unexpected network response #4589,surprise
Add animations to navigation #1755,joy
Fix memory leak in main module #9398,anger
Fix null pointer in production #6111,fear
Rename variables for clarity #7020,neutral
Log unexpected network response #1251,surprise
Enhance dashboard layout #2877,joy
Fix memory leak in main module #4063,anger
Handle crash on invalid input #8877,fear
Rename variables for clarity #8605,neutral
Log unexpected network response #2155,surprise
Enhance dashboard layout #8286,joy
Fix critical bug causing crash #7055,anger
Crash when loading large files #9004,fear
Improve API rate limiting #4088,neutral
Sudden behavior change on update #6910,surprise
Add animations to navigation #2024,joy
Fix critical bug causing crash #6509,anger
Handle crash on invalid input #8129,fear
Refactor CSS styles #1565,neutral
Log unexpected network response #3729,surprise
Enhance dashboard layout #5412,joy
Fix bug causing data loss #6261,anger
Fix null pointer in production #2490,fear
Refactor CSS styles #3675,neutral
Enable experimental feature toggle #5613,surprise
Add support for dark mode #9548,joy
Resolve deadlock in multi-threading #1300,anger
Unexpected error when parsing JSON #7237,fear
Update README documentation #1174,neutral
Log unexpected network response #2212,surprise
Add user feedback form #8781,joy
Fix bug causing data loss #5898,anger
Unexpected error when parsing JSON #8377,fear
Refactor CSS styles #8068,neutral
Allow `nonce` for hoistable styles #2818,surprise
Add support for dark mode #4763,joy
Fix critical bug causing crash #1535,anger
Avoid breaking change in release #2308,fear
Update dependencies #4136,neutral
Allow `nonce` for hoistable styles #4531,surprise
Add user feedback form #4271,joy
Fix bug causing data loss #1943,anger
Handle crash on invalid input #9289,fear
Rename variables for clarity #8881,neutral
Add support for unknown config flags #4477,surprise
Add animations to navigation #3677,joy
Fix bug causing data loss #5402,anger
Crash when loading large files #2666,fear
Improve API rate limiting #7303,neutral
Enable experimental feature toggle #5778,surprise
Add user feedback form #7210,joy
Fix bug causing data loss #3662,anger
Fix null pointer in production #7478,fear
Refactor CSS styles #8968,neutral
Enable experimental feature toggle #5652,surprise
Add support for dark mode #1575,joy
Fix security vulnerability in login #2560,anger
Handle crash on invalid input #5420,fear
Rename variables for clarity #9297,neutral
Allow `nonce` for hoistable styles #9728,surprise
Enhance dashboard layout #8855,joy
Fix memory leak in main module #8773,anger
Crash when loading large files #5485,fear
Rename variables for clarity #5845,neutral
Allow `nonce` for hoistable styles #3017,surprise
Add support for dark mode #9223,joy
Fix critical bug causing crash #5660,anger
Crash when loading large files #4154,fear
Update dependencies #3907,neutral
Add support for unknown config flags #7307,surprise
Add animations to navigation #2889,joy
Fix memory leak in main module #5367,anger
Unexpected error when parsing JSON #9323,fear
Update dependencies #2302,neutral
Add support for unknown config flags #4891,surprise
Improve UI responsiveness #3946,joy
Fix bug causing data loss #1433,anger
Fix null pointer in production #2557,fear
Improve API rate limiting #5060,neutral
Add support for unknown config flags #7104,surprise
Add support for dark mode #9811,joy
Fix critical bug causing crash #6963,anger
Handle crash on invalid input #8254,fear
Update dependencies #7321,neutral
Allow `nonce` for hoistable styles #1781,surprise
Add support for dark mode #7204,joy
Fix bug causing data loss #3762,anger
Crash when loading large files #2449,fear
Update dependencies #1783,neutral
Enable experimental feature toggle #9398,surprise
Add user feedback form #6084,joy
Fix bug causing data loss #4425,anger
Crash when loading large files #9296,fear
Rename variables for clarity #7010,neutral
Enable experimental feature toggle #3698,surprise
Add support for dark mode #2340,joy
Fix critical bug causing crash #9969,anger
Unexpected error when parsing JSON #4680,fear
Update dependencies #8576,neutral
Add support for unknown config flags #3822,surprise
Add user feedback form #3034,joy
Resolve deadlock in multi-threading #6207,anger
Crash when loading large files #6906,fear
Improve API rate limiting #6829,neutral
Add support for unknown config flags #3057,surprise
Add support for dark mode #9778,joy
Resolve deadlock in multi-threading #2895,anger
Handle crash on invalid input #4142,fear
Refactor CSS styles #5266,neutral
Add support for unknown config flags #2128,surprise
Add animations to navigation #4044,joy
Fix bug causing data loss #1720,anger
Handle crash on invalid input #7360,fear
Update dependencies #9807,neutral
Log unexpected network response #9057,surprise
Enhance dashboard layout #9172,joy
Resolve deadlock in multi-threading #5406,anger
Crash when loading large files #3699,fear
Update README documentation #2722,neutral
Allow `nonce` for hoistable styles #7483,surprise
Add animations to navigation #6651,joy
Fix security vulnerability in login #5896,anger
Avoid breaking change in release #2013,fear
Rename variables for clarity #4877,neutral
Log unexpected network response #3196,surprise
Enhance dashboard layout #5488,joy
Fix security vulnerability in login #9761,anger
Crash when loading large files #4025,fear
Refactor CSS styles #9620,neutral
Enable experimental feature toggle #4776,surprise
Improve UI responsiveness #4335,joy
Fix security vulnerability in login #1763,anger
Fix null pointer in production #4115,fear
Improve API rate limiting #3246,neutral
Sudden behavior change on update #3924,surprise
Improve UI responsiveness #5766,joy
Fix bug causing data loss #6923,anger
Fix null pointer in production #7741,fear
Update README documentation #5477,neutral
Allow `nonce` for hoistable styles #3005,surprise
Enhance dashboard layout #5100,joy
Resolve deadlock in multi-threading #4822,anger
Handle crash on invalid input #1716,fear
Refactor CSS styles #3559,neutral
Allow `nonce` for hoistable styles #1726,surprise
Improve UI responsiveness #1808,joy
Fix bug causing data loss #3399,anger
Avoid breaking change in release #6864,fear
Rename variables for clarity #7135,neutral
Enable experimental feature toggle #7725,surprise
Add user feedback form #7023,joy
Fix bug causing data loss #7774,anger
Unexpected error when parsing JSON #3101,fear
Improve API rate limiting #6771,neutral
Allow `nonce` for hoistable styles #7852,surprise
Add animations to navigation #3273,joy
Fix security vulnerability in login #6591,anger
Unexpected error when parsing JSON #8850,fear
Update dependencies #1110,neutral
Add support for unknown config flags #7126,surprise
